drop table if exists FUI_CALENDAR;
create table FUI_CALENDAR
(
	ID NUMBER(20) not null
		primary key,
	TITLE VARCHAR2(100) not null,
	STARTTIME VARCHAR2(20) not null,
	ENDTIME VARCHAR2(20) default '',
	ALLDAY VARCHAR2(1) not null,
	COLOR VARCHAR2(20) default ''
)
;

comment on table FUI_CALENDAR is '日程安排表'
;

comment on column FUI_CALENDAR.ID is '主键'
;

comment on column FUI_CALENDAR.TITLE is '标题'
;

comment on column FUI_CALENDAR.STARTTIME is '开始时间'
;

comment on column FUI_CALENDAR.ENDTIME is '结束时间'
;

comment on column FUI_CALENDAR.ALLDAY is '是否全天'
;

comment on column FUI_CALENDAR.COLOR is '颜色'
;

drop table if exists FUI_DICT_ENTRY;
create table FUI_DICT_ENTRY
(
	ID NUMBER(20) not null
		primary key,
	DICT_CODE VARCHAR2(125) not null,
	DICT_ENTRY_CODE VARCHAR2(125) not null,
	DICT_ENTRY_DESC VARCHAR2(255),
	DICT_ENTRY_SORT NUMBER
)
;

comment on table FUI_DICT_ENTRY is '字典详细表'
;

comment on column FUI_DICT_ENTRY.ID is '主键'
;

comment on column FUI_DICT_ENTRY.DICT_CODE is '字典类型名称'
;

comment on column FUI_DICT_ENTRY.DICT_ENTRY_CODE is '字典明细名称'
;

comment on column FUI_DICT_ENTRY.DICT_ENTRY_DESC is '字典明细描述'
;

comment on column FUI_DICT_ENTRY.DICT_ENTRY_SORT is '排序标识'
;

drop table if exists FUI_DICT_TYPE;
create table FUI_DICT_TYPE
(
	ID NUMBER(20) not null
		primary key,
	DICT_CODE VARCHAR2(125) not null,
	DICT_DESC VARCHAR2(255) not null
)
;

comment on table FUI_DICT_TYPE is '字典主表'
;

comment on column FUI_DICT_TYPE.ID is '主键'
;

comment on column FUI_DICT_TYPE.DICT_CODE is '字典类型名称'
;

comment on column FUI_DICT_TYPE.DICT_DESC is '字典类型描述'
;

drop table if exists FUI_MENU;
create table FUI_MENU
(
	REC_CREATOR VARCHAR2(256),
	REC_CREATE_TIME VARCHAR2(14),
	REC_REVISOR VARCHAR2(256),
	REC_REVISE_TIME VARCHAR2(14),
	ARCHIVE_FLAG VARCHAR2(1),
	TREE_ENAME VARCHAR2(30) not null,
	NODE_ENAME VARCHAR2(30) not null,
	NODE_CNAME VARCHAR2(80),
	NODE_TYPE NUMBER(1),
	NODE_URL VARCHAR2(200),
	NODE_SORT_ID VARCHAR2(20),
	NODE_PARAM VARCHAR2(200),
	NODE_IMAGE_PATH VARCHAR2(200),
	primary key (TREE_ENAME, NODE_ENAME)
)
;

comment on table FUI_MENU is '项目菜单节点信息'
;

comment on column FUI_MENU.REC_CREATOR is '记录创建责任者'
;

comment on column FUI_MENU.REC_CREATE_TIME is '记录创建时刻'
;

comment on column FUI_MENU.REC_REVISOR is '记录修改责任者'
;

comment on column FUI_MENU.REC_REVISE_TIME is '记录修改时刻'
;

comment on column FUI_MENU.ARCHIVE_FLAG is '归档标记'
;

comment on column FUI_MENU.TREE_ENAME is '节点树英文名'
;

comment on column FUI_MENU.NODE_ENAME is '节点英文名'
;

comment on column FUI_MENU.NODE_CNAME is '节点中文名'
;

comment on column FUI_MENU.NODE_TYPE is '节点类型'
;

comment on column FUI_MENU.NODE_URL is '节点URL'
;

comment on column FUI_MENU.NODE_SORT_ID is '节点排序标识'
;

comment on column FUI_MENU.NODE_PARAM is '节点参数配置'
;

comment on column FUI_MENU.NODE_IMAGE_PATH is '节点图片路径'
;

drop table if exists FUI_PERMISSIONS;
create table FUI_PERMISSIONS
(
	ID NUMBER(20) not null
		primary key,
	PARENT_ID NUMBER(20),
	CODE VARCHAR2(100),
	TEXT VARCHAR2(30),
	URL VARCHAR2(200),
	NODE_TYPE VARCHAR2(1)
)
;

comment on table FUI_PERMISSIONS is '后台用户权限表'
;

comment on column FUI_PERMISSIONS.ID is '主键'
;

comment on column FUI_PERMISSIONS.PARENT_ID is '上级权限编码'
;

comment on column FUI_PERMISSIONS.CODE is 'shiro标签使用的code'
;

comment on column FUI_PERMISSIONS.TEXT is '权限名称'
;

comment on column FUI_PERMISSIONS.URL is '权限功能点url'
;

comment on column FUI_PERMISSIONS.NODE_TYPE is '节点类型：0-菜单，1-权限'
;

drop table if exists FUI_ROLES;
create table FUI_ROLES
(
	ID NUMBER(20) not null
		primary key,
	ROLE_CODE VARCHAR2(20),
	ROLE_NAME VARCHAR2(50),
	PERMISSIONS VARCHAR2(4000)
)
;

comment on table FUI_ROLES is '后台用户角色表'
;

comment on column FUI_ROLES.ID is '主键'
;

comment on column FUI_ROLES.ROLE_CODE is '角色代码'
;

comment on column FUI_ROLES.ROLE_NAME is '角色名称'
;

comment on column FUI_ROLES.PERMISSIONS is '权限'
;

drop table if exists FUI_USER;
create table FUI_USER
(
	ID NUMBER(20) not null
		primary key,
	ENAME VARCHAR2(15) not null,
	CNAME VARCHAR2(50) not null,
	PASSWORD VARCHAR2(50) not null,
	STYLE VARCHAR2(10) default '',
	MENU_TYPE VARCHAR2(50),
	ERASED NUMBER(1) default 1,
	LOGIN_COUNT NUMBER(20) default 0,
	LAST_LOGIN_TIME TIMESTAMP(6),
	CREATE_TIME TIMESTAMP(6)
)
;

comment on table FUI_USER is '用户表'
;

comment on column FUI_USER.ID is '主键'
;

comment on column FUI_USER.ENAME is '用户账号'
;

comment on column FUI_USER.CNAME is '用户名称'
;

comment on column FUI_USER.PASSWORD is '密码'
;

comment on column FUI_USER.STYLE is '菜单风格'
;

comment on column FUI_USER.MENU_TYPE is '菜单类型'
;

comment on column FUI_USER.ERASED is '1：正常状态 0：异常状态'
;

comment on column FUI_USER.LOGIN_COUNT is '登录次数'
;

comment on column FUI_USER.LAST_LOGIN_TIME is '上次登录时间'
;

comment on column FUI_USER.CREATE_TIME is '上次登录时间'
;

drop table if exists FUI_USER_ROLES;
create table FUI_USER_ROLES
(
	ID NUMBER(20) not null
		primary key,
	USER_ID NUMBER(20),
	ROLE_ID NUMBER(20)
)
;

comment on table FUI_USER_ROLES is '后台用户角色关联表'
;

comment on column FUI_USER_ROLES.ID is '主键'
;

comment on column FUI_USER_ROLES.USER_ID is '用户id'
;

comment on column FUI_USER_ROLES.ROLE_ID is '角色id'
;

drop table if exists FUI_PROJECT;
create table FUI_PROJECT
(
	ID NUMBER(11) not null
		primary key,
	NAME VARCHAR2(50) default NULL,
	NAME_DESC VARCHAR2(125) default NULL,
	REMARK VARCHAR2(225) default NULL
)
;

drop table if exists FUI_USER_ORGANIZATIONS;
create table FUI_USER_ORGANIZATIONS
(
	ID NUMBER(20) not null
		primary key,
	USER_ID NUMBER(20) default NULL,
	ORGANIZATION_ID NUMBER(20) default NULL
)
;

drop table if exists FUI_MENU_SHORTCUT;
create table FUI_MENU_SHORTCUT
(
	ID NUMBER(11) not null
		primary key,
	USER_ID NUMBER(10) default NULL,
	MENU_ID VARCHAR2(30) default NULL,
	ORDER_NO NUMBER(4) default NULL,
	MENU_IMAGE_PATH VARCHAR2(50) default ''
)
;

drop table if exists FUI_ORGANIZATION;
create table FUI_ORGANIZATION
(
	ID NUMBER(20) not null
		primary key,
	PARENT_ID NUMBER(20) default NULL,
	CODE VARCHAR2(50) default NULL,
	NAME VARCHAR2(100) default NULL,
	USERS VARCHAR2(4000) default NULL
)
;

INSERT INTO FUI.FUI_MENU (REC_CREATOR, REC_CREATE_TIME, REC_REVISOR, REC_REVISE_TIME, ARCHIVE_FLAG, TREE_ENAME, NODE_ENAME, NODE_CNAME, NODE_TYPE, NODE_URL, NODE_SORT_ID, NODE_PARAM, NODE_IMAGE_PATH) VALUES ('admin', '20160830162252', ' ', ' ', ' ', '$', 'root', '系统菜单树', 0, ' ', '1', ' ', ' ');
INSERT INTO FUI.FUI_MENU (REC_CREATOR, REC_CREATE_TIME, REC_REVISOR, REC_REVISE_TIME, ARCHIVE_FLAG, TREE_ENAME, NODE_ENAME, NODE_CNAME, NODE_TYPE, NODE_URL, NODE_SORT_ID, NODE_PARAM, NODE_IMAGE_PATH) VALUES ('admin', '20170105151340', 'admin', '20170503131811', ' ', 'ACT', 'RACT01', '模型工作区', 1, '/supervisor/workflow/model/index', '2', ' ', ' ');
INSERT INTO FUI.FUI_MENU (REC_CREATOR, REC_CREATE_TIME, REC_REVISOR, REC_REVISE_TIME, ARCHIVE_FLAG, TREE_ENAME, NODE_ENAME, NODE_CNAME, NODE_TYPE, NODE_URL, NODE_SORT_ID, NODE_PARAM, NODE_IMAGE_PATH) VALUES ('admin', '20170105151340', 'admin', '20170605161921', ' ', 'ACT', 'RACT02', '流程定义及部署管理', 1, '/supervisor/workflow/process/index', '3', ' ', ' ');
INSERT INTO FUI.FUI_MENU (REC_CREATOR, REC_CREATE_TIME, REC_REVISOR, REC_REVISE_TIME, ARCHIVE_FLAG, TREE_ENAME, NODE_ENAME, NODE_CNAME, NODE_TYPE, NODE_URL, NODE_SORT_ID, NODE_PARAM, NODE_IMAGE_PATH) VALUES ('admin', '20170105151340', 'admin', '20170605161921', ' ', 'ACT', 'RACT03', '运行中流程', 1, '/supervisor/workflow/processinstance/index', '4', ' ', ' ');
INSERT INTO FUI.FUI_MENU (REC_CREATOR, REC_CREATE_TIME, REC_REVISOR, REC_REVISE_TIME, ARCHIVE_FLAG, TREE_ENAME, NODE_ENAME, NODE_CNAME, NODE_TYPE, NODE_URL, NODE_SORT_ID, NODE_PARAM, NODE_IMAGE_PATH) VALUES ('admin', '20170105151207', ' ', ' ', ' ', 'ACT', 'RWPE01', '流程执行示例', 1, ' ', '1', ' ', ' ');
INSERT INTO FUI.FUI_MENU (REC_CREATOR, REC_CREATE_TIME, REC_REVISOR, REC_REVISE_TIME, ARCHIVE_FLAG, TREE_ENAME, NODE_ENAME, NODE_CNAME, NODE_TYPE, NODE_URL, NODE_SORT_ID, NODE_PARAM, NODE_IMAGE_PATH) VALUES ('admin', '20090729174958', 'admin', '20170617165439', ' ', 'ED', 'EDCM', '代码管理', 0, ' ', '3', ' ', ' ');
INSERT INTO FUI.FUI_MENU (REC_CREATOR, REC_CREATE_TIME, REC_REVISOR, REC_REVISE_TIME, ARCHIVE_FLAG, TREE_ENAME, NODE_ENAME, NODE_CNAME, NODE_TYPE, NODE_URL, NODE_SORT_ID, NODE_PARAM, NODE_IMAGE_PATH) VALUES ('admin', '20070622161518', 'admin', '20170617165439', ' ', 'ED', 'EDPI', '菜单资源管理', 0, ' ', '2', ' ', ' ');
INSERT INTO FUI.FUI_MENU (REC_CREATOR, REC_CREATE_TIME, REC_REVISOR, REC_REVISE_TIME, ARCHIVE_FLAG, TREE_ENAME, NODE_ENAME, NODE_CNAME, NODE_TYPE, NODE_URL, NODE_SORT_ID, NODE_PARAM, NODE_IMAGE_PATH) VALUES ('admin', '20110518112122', 'admin', '20170617165439', ' ', 'ED', 'EDPI00', '项目信息管理', 1, '/supervisor/project/index', '4', ' ', 'css:icon-cogs');
INSERT INTO FUI.FUI_MENU (REC_CREATOR, REC_CREATE_TIME, REC_REVISOR, REC_REVISE_TIME, ARCHIVE_FLAG, TREE_ENAME, NODE_ENAME, NODE_CNAME, NODE_TYPE, NODE_URL, NODE_SORT_ID, NODE_PARAM, NODE_IMAGE_PATH) VALUES (' ', ' ', 'admin', '20170617165439', ' ', 'ED', 'EDUM', '系统设置', 0, null, '1', ' ', null);
INSERT INTO FUI.FUI_MENU (REC_CREATOR, REC_CREATE_TIME, REC_REVISOR, REC_REVISE_TIME, ARCHIVE_FLAG, TREE_ENAME, NODE_ENAME, NODE_CNAME, NODE_TYPE, NODE_URL, NODE_SORT_ID, NODE_PARAM, NODE_IMAGE_PATH) VALUES ('admin', '20090729175218', 'admin', '20170904160239', ' ', 'EDCM', 'EDCM00', '字典管理', 1, '/supervisor/dict/index', '1', ' ', ' ');
INSERT INTO FUI.FUI_MENU (REC_CREATOR, REC_CREATE_TIME, REC_REVISOR, REC_REVISE_TIME, ARCHIVE_FLAG, TREE_ENAME, NODE_ENAME, NODE_CNAME, NODE_TYPE, NODE_URL, NODE_SORT_ID, NODE_PARAM, NODE_IMAGE_PATH) VALUES ('admin', '20120926091948', ' ', ' ', ' ', 'EDOT', 'EDFB06', '请假流程入口', 1, ' ', ' ', ' ', ' ');
INSERT INTO FUI.FUI_MENU (REC_CREATOR, REC_CREATE_TIME, REC_REVISOR, REC_REVISE_TIME, ARCHIVE_FLAG, TREE_ENAME, NODE_ENAME, NODE_CNAME, NODE_TYPE, NODE_URL, NODE_SORT_ID, NODE_PARAM, NODE_IMAGE_PATH) VALUES ('admin', '20070622161533', 'admin', '20070622161828', ' ', 'EDPI', 'EDPI10', '菜单信息管理', 1, '/supervisor/menu/index', '1', ' ', ' ');
INSERT INTO FUI.FUI_MENU (REC_CREATOR, REC_CREATE_TIME, REC_REVISOR, REC_REVISE_TIME, ARCHIVE_FLAG, TREE_ENAME, NODE_ENAME, NODE_CNAME, NODE_TYPE, NODE_URL, NODE_SORT_ID, NODE_PARAM, NODE_IMAGE_PATH) VALUES (' ', ' ', 'admin', '20170617165525', ' ', 'EDUM', 'EDUM01', '用户管理', 1, '/supervisor/user/index', '1', ' ', null);
INSERT INTO FUI.FUI_MENU (REC_CREATOR, REC_CREATE_TIME, REC_REVISOR, REC_REVISE_TIME, ARCHIVE_FLAG, TREE_ENAME, NODE_ENAME, NODE_CNAME, NODE_TYPE, NODE_URL, NODE_SORT_ID, NODE_PARAM, NODE_IMAGE_PATH) VALUES (' ', ' ', 'admin', '20170617165525', ' ', 'EDUM', 'EDUM02', '角色管理', 1, '/supervisor/role/index', '2', ' ', null);
INSERT INTO FUI.FUI_MENU (REC_CREATOR, REC_CREATE_TIME, REC_REVISOR, REC_REVISE_TIME, ARCHIVE_FLAG, TREE_ENAME, NODE_ENAME, NODE_CNAME, NODE_TYPE, NODE_URL, NODE_SORT_ID, NODE_PARAM, NODE_IMAGE_PATH) VALUES (' ', ' ', 'admin', '20170904160127', ' ', 'EDUM', 'EDUM03', '权限管理', 1, '/supervisor/right/index', '3', ' ', null);
INSERT INTO FUI.FUI_MENU (REC_CREATOR, REC_CREATE_TIME, REC_REVISOR, REC_REVISE_TIME, ARCHIVE_FLAG, TREE_ENAME, NODE_ENAME, NODE_CNAME, NODE_TYPE, NODE_URL, NODE_SORT_ID, NODE_PARAM, NODE_IMAGE_PATH) VALUES ('admin', '20170904160213', ' ', ' ', ' ', 'EDUM', 'EDUM04', '机构管理', 1, '/supervisor/organization/index', '4', ' ', null);
INSERT INTO FUI.FUI_MENU (REC_CREATOR, REC_CREATE_TIME, REC_REVISOR, REC_REVISE_TIME, ARCHIVE_FLAG, TREE_ENAME, NODE_ENAME, NODE_CNAME, NODE_TYPE, NODE_URL, NODE_SORT_ID, NODE_PARAM, NODE_IMAGE_PATH) VALUES ('admin', '20130422143551', 'admin', '20170617165541', ' ', 'EP', 'ED', '元数据管理', 0, ' ', '1', ' ', ' ');
INSERT INTO FUI.FUI_MENU (REC_CREATOR, REC_CREATE_TIME, REC_REVISOR, REC_REVISE_TIME, ARCHIVE_FLAG, TREE_ENAME, NODE_ENAME, NODE_CNAME, NODE_TYPE, NODE_URL, NODE_SORT_ID, NODE_PARAM, NODE_IMAGE_PATH) VALUES ('admin', '20170105150848', ' ', ' ', ' ', 'root', 'ACT', '流程管理', 0, ' ', '6', ' ', ' ');
INSERT INTO FUI.FUI_MENU (REC_CREATOR, REC_CREATE_TIME, REC_REVISOR, REC_REVISE_TIME, ARCHIVE_FLAG, TREE_ENAME, NODE_ENAME, NODE_CNAME, NODE_TYPE, NODE_URL, NODE_SORT_ID, NODE_PARAM, NODE_IMAGE_PATH) VALUES ('admin', '20161225184150', 'admin', '20170524153632', ' ', 'root', 'EP', '系统平台', 0, ' ', '1', ' ', ' ');

INSERT INTO FUI.FUI_ORGANIZATION (ID, PARENT_ID, CODE, NAME, USERS) VALUES (1, -1, 'root', '组织结构树', '1');
INSERT INTO FUI.FUI_ORGANIZATION (ID, PARENT_ID, CODE, NAME, USERS) VALUES (1001, 1, 'mintech', '技术部', '5');
INSERT INTO FUI.FUI_ORGANIZATION (ID, PARENT_ID, CODE, NAME, USERS) VALUES (1002, 1, 'test', '测试部', '6,7');
INSERT INTO FUI.FUI_ORGANIZATION (ID, PARENT_ID, CODE, NAME, USERS) VALUES (1003, null, 'test', 'test', null);
INSERT INTO FUI.FUI_ORGANIZATION (ID, PARENT_ID, CODE, NAME, USERS) VALUES (1004, null, 'test1', 'test1', null);
INSERT INTO FUI.FUI_ORGANIZATION (ID, PARENT_ID, CODE, NAME, USERS) VALUES (1005, null, 'test2', 'test2', null);

INSERT INTO FUI.FUI_PERMISSIONS (ID, PARENT_ID, CODE, TEXT, URL, NODE_TYPE) VALUES (1001, -1, 'root.EP', '系统平台', null, '0');
INSERT INTO FUI.FUI_PERMISSIONS (ID, PARENT_ID, CODE, TEXT, URL, NODE_TYPE) VALUES (1002, -1, 'root.ACT', '流程管理', null, '0');
INSERT INTO FUI.FUI_PERMISSIONS (ID, PARENT_ID, CODE, TEXT, URL, NODE_TYPE) VALUES (100101, 1001, 'EP.ED', '元数据管理', null, '0');
INSERT INTO FUI.FUI_PERMISSIONS (ID, PARENT_ID, CODE, TEXT, URL, NODE_TYPE) VALUES (100201, 1002, 'ACT.RWPE01', '流程执行示例', null, '0');
INSERT INTO FUI.FUI_PERMISSIONS (ID, PARENT_ID, CODE, TEXT, URL, NODE_TYPE) VALUES (100202, 1002, 'ACT.RACT01', '模型工作区', '/supervisor/workflow/model/index', '0');
INSERT INTO FUI.FUI_PERMISSIONS (ID, PARENT_ID, CODE, TEXT, URL, NODE_TYPE) VALUES (100203, 1002, 'ACT.RACT02', '流程定义及部署管理', '/supervisor/workflow/process/index', '0');
INSERT INTO FUI.FUI_PERMISSIONS (ID, PARENT_ID, CODE, TEXT, URL, NODE_TYPE) VALUES (100204, 1002, 'ACT.RACT03', '运行中流程', '/supervisor/workflow/processinstance/index', '0');
INSERT INTO FUI.FUI_PERMISSIONS (ID, PARENT_ID, CODE, TEXT, URL, NODE_TYPE) VALUES (10010101, 100101, 'ED.EDUM', '系统设置', null, '0');
INSERT INTO FUI.FUI_PERMISSIONS (ID, PARENT_ID, CODE, TEXT, URL, NODE_TYPE) VALUES (10010103, 100101, 'ED.EDPI', '菜单资源管理', null, '0');
INSERT INTO FUI.FUI_PERMISSIONS (ID, PARENT_ID, CODE, TEXT, URL, NODE_TYPE) VALUES (10010104, 100101, 'ED.EDCM', '代码管理', null, '0');
INSERT INTO FUI.FUI_PERMISSIONS (ID, PARENT_ID, CODE, TEXT, URL, NODE_TYPE) VALUES (10010105, 100101, 'ED.EDPI00', '项目信息管理', '/supervisor/sys/project', '0');
INSERT INTO FUI.FUI_PERMISSIONS (ID, PARENT_ID, CODE, TEXT, URL, NODE_TYPE) VALUES (10020201, 100202, 'RACT01.01', '首页', '/supervisor/workflow/model/index', '1');
INSERT INTO FUI.FUI_PERMISSIONS (ID, PARENT_ID, CODE, TEXT, URL, NODE_TYPE) VALUES (10020202, 100202, 'RACT01.02', '查询流程模型列表', '/supervisor/workflow/model/list', '1');
INSERT INTO FUI.FUI_PERMISSIONS (ID, PARENT_ID, CODE, TEXT, URL, NODE_TYPE) VALUES (10020203, 100202, 'RACT01.03', '创建模型', '/supervisor/workflow/model/create', '1');
INSERT INTO FUI.FUI_PERMISSIONS (ID, PARENT_ID, CODE, TEXT, URL, NODE_TYPE) VALUES (10020204, 100202, 'RACT01.04', '另存模型', '/supervisor/workflow/model/**/saveas', '1');
INSERT INTO FUI.FUI_PERMISSIONS (ID, PARENT_ID, CODE, TEXT, URL, NODE_TYPE) VALUES (10020205, 100202, 'RACT01.05', '删除模型（批量）', '/supervisor/workflow/model/deleteModel', '1');
INSERT INTO FUI.FUI_PERMISSIONS (ID, PARENT_ID, CODE, TEXT, URL, NODE_TYPE) VALUES (10020206, 100202, 'RACT01.06', '复制模型', '/supervisor/workflow/model/copyModel', '1');
INSERT INTO FUI.FUI_PERMISSIONS (ID, PARENT_ID, CODE, TEXT, URL, NODE_TYPE) VALUES (10020207, 100202, 'RACT01.07', '复制到模型模板', '/supervisor/workflow/model/copyModel2Template', '1');
INSERT INTO FUI.FUI_PERMISSIONS (ID, PARENT_ID, CODE, TEXT, URL, NODE_TYPE) VALUES (10020208, 100202, 'RACT01.08', '部署流程', '/supervisor/workflow/model/deploy/**', '1');
INSERT INTO FUI.FUI_PERMISSIONS (ID, PARENT_ID, CODE, TEXT, URL, NODE_TYPE) VALUES (10020209, 100202, 'RACT01.09', '导出模型', '/supervisor/workflow/model/export/**/**', '1');
INSERT INTO FUI.FUI_PERMISSIONS (ID, PARENT_ID, CODE, TEXT, URL, NODE_TYPE) VALUES (10020210, 100202, 'RACT01.10', '删除模型（单个）', '/supervisor/workflow/model/delete/**', '1');
INSERT INTO FUI.FUI_PERMISSIONS (ID, PARENT_ID, CODE, TEXT, URL, NODE_TYPE) VALUES (10020211, 100202, 'RACT01.11', '检查模型key值', '/supervisor/checkModelKey', '1');
INSERT INTO FUI.FUI_PERMISSIONS (ID, PARENT_ID, CODE, TEXT, URL, NODE_TYPE) VALUES (10020212, 100202, 'RACT01.12', '获取模型', '/supervisor/treeModel/getModel', '1');
INSERT INTO FUI.FUI_PERMISSIONS (ID, PARENT_ID, CODE, TEXT, URL, NODE_TYPE) VALUES (10020213, 100202, 'RACT01.13', '检查模型', '/supervisor/treeModel/checkModelByModelId', '1');
INSERT INTO FUI.FUI_PERMISSIONS (ID, PARENT_ID, CODE, TEXT, URL, NODE_TYPE) VALUES (10020214, 100202, 'RACT01.14', '设计器首页', '/supervisor/designer/tree-modeler', '1');
INSERT INTO FUI.FUI_PERMISSIONS (ID, PARENT_ID, CODE, TEXT, URL, NODE_TYPE) VALUES (10020301, 100203, 'RACT02.01', '首页', '/supervisor/workflow/process/index', '1');
INSERT INTO FUI.FUI_PERMISSIONS (ID, PARENT_ID, CODE, TEXT, URL, NODE_TYPE) VALUES (10020302, 100203, 'RACT02.02', '查询流程定义列表', '/supervisor/workflow/process/list', '1');
INSERT INTO FUI.FUI_PERMISSIONS (ID, PARENT_ID, CODE, TEXT, URL, NODE_TYPE) VALUES (10020303, 100203, 'RACT02.03', '读取资源（部署ID）', '/supervisor/workflow/process/resource/read', '1');
INSERT INTO FUI.FUI_PERMISSIONS (ID, PARENT_ID, CODE, TEXT, URL, NODE_TYPE) VALUES (10020304, 100203, 'RACT02.04', '读取资源（流程ID）', '/supervisor/workflow/process/resource/process-instance', '1');
INSERT INTO FUI.FUI_PERMISSIONS (ID, PARENT_ID, CODE, TEXT, URL, NODE_TYPE) VALUES (10020305, 100203, 'RACT02.05', '删除已部署流程', '/supervisor/workflow/process/delete', '1');
INSERT INTO FUI.FUI_PERMISSIONS (ID, PARENT_ID, CODE, TEXT, URL, NODE_TYPE) VALUES (10020306, 100203, 'RACT02.06', '输出跟踪流程信息', '/supervisor/workflow/process/trace', '1');
INSERT INTO FUI.FUI_PERMISSIONS (ID, PARENT_ID, CODE, TEXT, URL, NODE_TYPE) VALUES (10020307, 100203, 'RACT02.07', '读取带跟踪的图片', '/supervisor/workflow/process/trace/auto/**', '1');
INSERT INTO FUI.FUI_PERMISSIONS (ID, PARENT_ID, CODE, TEXT, URL, NODE_TYPE) VALUES (10020308, 100203, 'RACT02.08', '部署流程', '/supervisor/workflow/process/deploy', '1');
INSERT INTO FUI.FUI_PERMISSIONS (ID, PARENT_ID, CODE, TEXT, URL, NODE_TYPE) VALUES (10020309, 100203, 'RACT02.09', '启动流程', '/supervisor/workflow/process/start-running/**', '1');
INSERT INTO FUI.FUI_PERMISSIONS (ID, PARENT_ID, CODE, TEXT, URL, NODE_TYPE) VALUES (10020310, 100203, 'RACT02.10', '转换为模型', '/supervisor/workflow/process/convert-to-model/**', '1');
INSERT INTO FUI.FUI_PERMISSIONS (ID, PARENT_ID, CODE, TEXT, URL, NODE_TYPE) VALUES (10020311, 100203, 'RACT02.11', '流程状态更改', '/supervisor/workflow/process/processdefinition/update/**/**', '1');
INSERT INTO FUI.FUI_PERMISSIONS (ID, PARENT_ID, CODE, TEXT, URL, NODE_TYPE) VALUES (10020312, 100203, 'RACT02.12', '导出流程图', '/supervisor/workflow/process/export/diagrams', '1');
INSERT INTO FUI.FUI_PERMISSIONS (ID, PARENT_ID, CODE, TEXT, URL, NODE_TYPE) VALUES (10020313, 100203, 'RACT02.13', '获取流程定义', '/supervisor/workflow/process/bpmn/model/**', '1');
INSERT INTO FUI.FUI_PERMISSIONS (ID, PARENT_ID, CODE, TEXT, URL, NODE_TYPE) VALUES (10020401, 100204, 'RACT03.01', '首页', '/supervisor/workflow/processinstance/index', '1');
INSERT INTO FUI.FUI_PERMISSIONS (ID, PARENT_ID, CODE, TEXT, URL, NODE_TYPE) VALUES (10020402, 100204, 'RACT03.02', '查询运行中的流程', '/supervisor/workflow/processinstance/list', '1');
INSERT INTO FUI.FUI_PERMISSIONS (ID, PARENT_ID, CODE, TEXT, URL, NODE_TYPE) VALUES (10020403, 100204, 'RACT03.03', '更改运行中流程状态', '/supervisor/workflow/processinstance/update/**/**', '1');
INSERT INTO FUI.FUI_PERMISSIONS (ID, PARENT_ID, CODE, TEXT, URL, NODE_TYPE) VALUES (100101051, 10010105, 'EDPI00.01', '首页', '/supervisor/project/index', '1');
INSERT INTO FUI.FUI_PERMISSIONS (ID, PARENT_ID, CODE, TEXT, URL, NODE_TYPE) VALUES (100101052, 10010105, 'EDPI00.02', '查询项目列表', '/supervisor/project/list', '1');
INSERT INTO FUI.FUI_PERMISSIONS (ID, PARENT_ID, CODE, TEXT, URL, NODE_TYPE) VALUES (100101053, 10010105, 'EDPI00.03', '保存', '/supervisor/project/save', '1');
INSERT INTO FUI.FUI_PERMISSIONS (ID, PARENT_ID, CODE, TEXT, URL, NODE_TYPE) VALUES (1001010101, 10010101, 'EDUM.EDUM01', '用户管理', '/supervisor/user/index', '0');
INSERT INTO FUI.FUI_PERMISSIONS (ID, PARENT_ID, CODE, TEXT, URL, NODE_TYPE) VALUES (1001010102, 10010101, 'EDUM.EDUM02', '角色管理', '/supervisor/role/index', '0');
INSERT INTO FUI.FUI_PERMISSIONS (ID, PARENT_ID, CODE, TEXT, URL, NODE_TYPE) VALUES (1001010103, 10010101, 'EDUM.EDUM03', '权限管理', '/supervisor/right/index', '0');
INSERT INTO FUI.FUI_PERMISSIONS (ID, PARENT_ID, CODE, TEXT, URL, NODE_TYPE) VALUES (1001010104, 10010101, 'EDUM.EDUM04', '机构管理', '/supervisor/organization/index', '0');
INSERT INTO FUI.FUI_PERMISSIONS (ID, PARENT_ID, CODE, TEXT, URL, NODE_TYPE) VALUES (1001010105, 10010101, 'EDUM.EDUM05', '日程管理', null, '1');
INSERT INTO FUI.FUI_PERMISSIONS (ID, PARENT_ID, CODE, TEXT, URL, NODE_TYPE) VALUES (1001010106, 10010101, 'EDUM.EDUM06', '皮肤设置', null, '1');
INSERT INTO FUI.FUI_PERMISSIONS (ID, PARENT_ID, CODE, TEXT, URL, NODE_TYPE) VALUES (1001010301, 10010103, 'EDPI.EDPI10', '菜单信息管理', '/supervisor/menu/index', '0');
INSERT INTO FUI.FUI_PERMISSIONS (ID, PARENT_ID, CODE, TEXT, URL, NODE_TYPE) VALUES (1001010401, 10010104, 'EDCM.EDCM00', '字典管理', '/supervisor/dict/index', '0');
INSERT INTO FUI.FUI_PERMISSIONS (ID, PARENT_ID, CODE, TEXT, URL, NODE_TYPE) VALUES (10010101011, 1001010101, 'EDUM01.01', '首页', '/supervisor/user/index,/supervisor/user/state', '1');
INSERT INTO FUI.FUI_PERMISSIONS (ID, PARENT_ID, CODE, TEXT, URL, NODE_TYPE) VALUES (10010101012, 1001010101, 'EDUM01.02', '查询用户列表', '/supervisor/user/list', '1');
INSERT INTO FUI.FUI_PERMISSIONS (ID, PARENT_ID, CODE, TEXT, URL, NODE_TYPE) VALUES (10010101013, 1001010101, 'EDUM01.03', '新增', '/supervisor/right/add', '1');
INSERT INTO FUI.FUI_PERMISSIONS (ID, PARENT_ID, CODE, TEXT, URL, NODE_TYPE) VALUES (10010101014, 1001010101, 'EDUM01.04', '修改', '/supervisor/right/update', '1');
INSERT INTO FUI.FUI_PERMISSIONS (ID, PARENT_ID, CODE, TEXT, URL, NODE_TYPE) VALUES (10010101015, 1001010101, 'EDUM01.05', '获取角色列表', '/supervisor/right/roleList', '1');
INSERT INTO FUI.FUI_PERMISSIONS (ID, PARENT_ID, CODE, TEXT, URL, NODE_TYPE) VALUES (10010101016, 1001010101, 'EDUM01.06', '重置密码', '/supervisor/right/resetPwd', '1');
INSERT INTO FUI.FUI_PERMISSIONS (ID, PARENT_ID, CODE, TEXT, URL, NODE_TYPE) VALUES (10010101017, 1001010101, 'EDUM01.07', '修改状态', '/supervisor/right/status', '1');
INSERT INTO FUI.FUI_PERMISSIONS (ID, PARENT_ID, CODE, TEXT, URL, NODE_TYPE) VALUES (10010101018, 1001010101, 'EDUM01.08', '修改密码', '/supervisor/right/updatePwd', '1');
INSERT INTO FUI.FUI_PERMISSIONS (ID, PARENT_ID, CODE, TEXT, URL, NODE_TYPE) VALUES (10010101021, 1001010102, 'EDUM02.01', '首页', '/supervisor/role/index,/supervisor/role/state', '1');
INSERT INTO FUI.FUI_PERMISSIONS (ID, PARENT_ID, CODE, TEXT, URL, NODE_TYPE) VALUES (10010101022, 1001010102, 'EDUM02.02', '查询角色列表', '/supervisor/role/list', '1');
INSERT INTO FUI.FUI_PERMISSIONS (ID, PARENT_ID, CODE, TEXT, URL, NODE_TYPE) VALUES (10010101023, 1001010102, 'EDUM02.03', '展示角色树型结构', '/supervisor/right/showRights', '1');
INSERT INTO FUI.FUI_PERMISSIONS (ID, PARENT_ID, CODE, TEXT, URL, NODE_TYPE) VALUES (10010101024, 1001010102, 'EDUM02.04', '新增', '/supervisor/right/add', '1');
INSERT INTO FUI.FUI_PERMISSIONS (ID, PARENT_ID, CODE, TEXT, URL, NODE_TYPE) VALUES (10010101025, 1001010102, 'EDUM02.05', '修改', '/supervisor/right/update', '1');
INSERT INTO FUI.FUI_PERMISSIONS (ID, PARENT_ID, CODE, TEXT, URL, NODE_TYPE) VALUES (10010101031, 1001010103, 'EDUM03.01', '首页', '/supervisor/right/index,/supervisor/right/state', '1');
INSERT INTO FUI.FUI_PERMISSIONS (ID, PARENT_ID, CODE, TEXT, URL, NODE_TYPE) VALUES (10010101032, 1001010103, 'EDUM03.02', '查询权限列表', '/supervisor/right/list', '1');
INSERT INTO FUI.FUI_PERMISSIONS (ID, PARENT_ID, CODE, TEXT, URL, NODE_TYPE) VALUES (10010101033, 1001010103, 'EDUM03.03', '选择权限', '/supervisor/right/selectTreeWindow', '1');
INSERT INTO FUI.FUI_PERMISSIONS (ID, PARENT_ID, CODE, TEXT, URL, NODE_TYPE) VALUES (10010101034, 1001010103, 'EDUM03.04', '展示权限树型结构', '/supervisor/right/selectByKey', '1');
INSERT INTO FUI.FUI_PERMISSIONS (ID, PARENT_ID, CODE, TEXT, URL, NODE_TYPE) VALUES (10010101035, 1001010103, 'EDUM03.05', '新增', '/supervisor/right/add', '1');
INSERT INTO FUI.FUI_PERMISSIONS (ID, PARENT_ID, CODE, TEXT, URL, NODE_TYPE) VALUES (10010101036, 1001010103, 'EDUM03.06', '修改', '/supervisor/right/update', '1');
INSERT INTO FUI.FUI_PERMISSIONS (ID, PARENT_ID, CODE, TEXT, URL, NODE_TYPE) VALUES (10010101041, 1001010104, 'EDUM04.01', '首页', '/supervisor/organization/index,/supervisor/organization/state', '1');
INSERT INTO FUI.FUI_PERMISSIONS (ID, PARENT_ID, CODE, TEXT, URL, NODE_TYPE) VALUES (10010101042, 1001010104, 'EDUM04.02', '选择人员', '/supervisor/organization/selectUserWindow', '1');
INSERT INTO FUI.FUI_PERMISSIONS (ID, PARENT_ID, CODE, TEXT, URL, NODE_TYPE) VALUES (10010101043, 1001010104, 'EDUM04.03', '查询机构信息', '/supervisor/organization/selectByPrimaryKey', '1');
INSERT INTO FUI.FUI_PERMISSIONS (ID, PARENT_ID, CODE, TEXT, URL, NODE_TYPE) VALUES (10010101044, 1001010104, 'EDUM04.04', '展示机构树型结构', '/supervisor/organization/selectByKey', '1');
INSERT INTO FUI.FUI_PERMISSIONS (ID, PARENT_ID, CODE, TEXT, URL, NODE_TYPE) VALUES (10010101045, 1001010104, 'EDUM04.05', '新增', '/supervisor/organization/add', '1');
INSERT INTO FUI.FUI_PERMISSIONS (ID, PARENT_ID, CODE, TEXT, URL, NODE_TYPE) VALUES (10010101046, 1001010104, 'EDUM04.06', '修改', '/supervisor/organization/update', '1');
INSERT INTO FUI.FUI_PERMISSIONS (ID, PARENT_ID, CODE, TEXT, URL, NODE_TYPE) VALUES (10010101047, 1001010104, 'EDUM04.07', '删除', '/supervisor/organization/delete', '1');
INSERT INTO FUI.FUI_PERMISSIONS (ID, PARENT_ID, CODE, TEXT, URL, NODE_TYPE) VALUES (10010101051, 1001010105, 'EDUM05.01', '首页', '/supervisor/calendar', '1');
INSERT INTO FUI.FUI_PERMISSIONS (ID, PARENT_ID, CODE, TEXT, URL, NODE_TYPE) VALUES (10010101052, 1001010105, 'EDUM05.02', '事件监听', '/supervisor/eventopt', '1');
INSERT INTO FUI.FUI_PERMISSIONS (ID, PARENT_ID, CODE, TEXT, URL, NODE_TYPE) VALUES (10010101053, 1001010105, 'EDUM05.03', '获取日历数据', '/supervisor/getCalendarJsonData', '1');
INSERT INTO FUI.FUI_PERMISSIONS (ID, PARENT_ID, CODE, TEXT, URL, NODE_TYPE) VALUES (10010101054, 1001010105, 'EDUM05.04', '事件操作', '/supervisor/event', '1');
INSERT INTO FUI.FUI_PERMISSIONS (ID, PARENT_ID, CODE, TEXT, URL, NODE_TYPE) VALUES (10010101061, 1001010106, 'EDUM06.01', '改变皮肤', '/supervisor/style/updateMenuTypeAndStyle', '1');
INSERT INTO FUI.FUI_PERMISSIONS (ID, PARENT_ID, CODE, TEXT, URL, NODE_TYPE) VALUES (10010103011, 1001010301, 'EDPI10.01', '首页', '/supervisor/menu/index,/supervisor/menu/state', '1');
INSERT INTO FUI.FUI_PERMISSIONS (ID, PARENT_ID, CODE, TEXT, URL, NODE_TYPE) VALUES (10010103012, 1001010301, 'EDPI10.02', '展示菜单树型结构', '/supervisor/menu/loadMenuNodes', '1');
INSERT INTO FUI.FUI_PERMISSIONS (ID, PARENT_ID, CODE, TEXT, URL, NODE_TYPE) VALUES (10010103013, 1001010301, 'EDPI10.03', '查询菜单列表', '/supervisor/menu/loadMenuNodePage', '1');
INSERT INTO FUI.FUI_PERMISSIONS (ID, PARENT_ID, CODE, TEXT, URL, NODE_TYPE) VALUES (10010103014, 1001010301, 'EDPI10.04', '展示Outlook菜单', '/supervisor/menu/loadOutlookTreeNodes', '1');
INSERT INTO FUI.FUI_PERMISSIONS (ID, PARENT_ID, CODE, TEXT, URL, NODE_TYPE) VALUES (10010103015, 1001010301, 'EDPI10.05', '保存', '/supervisor/menu/saveMenu', '1');
INSERT INTO FUI.FUI_PERMISSIONS (ID, PARENT_ID, CODE, TEXT, URL, NODE_TYPE) VALUES (10010103016, 1001010301, 'EDPI10.06', '删除', '/supervisor/menu/deleteMenu', '1');
INSERT INTO FUI.FUI_PERMISSIONS (ID, PARENT_ID, CODE, TEXT, URL, NODE_TYPE) VALUES (10010103017, 1001010301, 'EDPI10.07', '修改', '/supervisor/menu/updateMenu', '1');
INSERT INTO FUI.FUI_PERMISSIONS (ID, PARENT_ID, CODE, TEXT, URL, NODE_TYPE) VALUES (10010104011, 1001010401, 'EDCM00.01', '首页', '/supervisor/dict/index,/supervisor/dict/dictManager,/supervisor/dict/dictImportManager', '1');
INSERT INTO FUI.FUI_PERMISSIONS (ID, PARENT_ID, CODE, TEXT, URL, NODE_TYPE) VALUES (10010104012, 1001010401, 'EDCM00.02', '展示字典树型结构', '/supervisor/dict/queryDictForTree', '1');
INSERT INTO FUI.FUI_PERMISSIONS (ID, PARENT_ID, CODE, TEXT, URL, NODE_TYPE) VALUES (10010104013, 1001010401, 'EDCM00.03', '查询字典类型', '/supervisor/dict/queryDictType', '1');
INSERT INTO FUI.FUI_PERMISSIONS (ID, PARENT_ID, CODE, TEXT, URL, NODE_TYPE) VALUES (10010104014, 1001010401, 'EDCM00.04', '保存字典类型', '/supervisor/dict/saveDictType', '1');
INSERT INTO FUI.FUI_PERMISSIONS (ID, PARENT_ID, CODE, TEXT, URL, NODE_TYPE) VALUES (10010104015, 1001010401, 'EDCM00.05', '保存字典详细', '/supervisor/dict/saveDictEntry', '1');
INSERT INTO FUI.FUI_PERMISSIONS (ID, PARENT_ID, CODE, TEXT, URL, NODE_TYPE) VALUES (10010104016, 1001010401, 'EDCM00.06', '获取字典详细列表', '/supervisor/dict/getLayout', '1');
INSERT INTO FUI.FUI_PERMISSIONS (ID, PARENT_ID, CODE, TEXT, URL, NODE_TYPE) VALUES (10010104017, 1001010401, 'EDCM00.07', '获取字典', '/supervisor/dict/getDictData', '1');

INSERT INTO FUI.FUI_PROJECT (ID, NAME, NAME_DESC, REMARK) VALUES (1, 'project.name', 'jcoffee Demo', '说明：输入项目的中文名');
INSERT INTO FUI.FUI_PROJECT (ID, NAME, NAME_DESC, REMARK) VALUES (2, 'logo', 'logo.png', '说明：输入项目的logo文件名或地址');
INSERT INTO FUI.FUI_PROJECT (ID, NAME, NAME_DESC, REMARK) VALUES (3, 'dev', '框架研发', '说明：如测试环境，正式环境');
INSERT INTO FUI.FUI_PROJECT (ID, NAME, NAME_DESC, REMARK) VALUES (4, 'infogen.dir', 'c:/infogen', '说明：信息输出目录');
INSERT INTO FUI.FUI_PROJECT (ID, NAME, NAME_DESC, REMARK) VALUES (5, 'login.background', 'background', '说明：登录页背景图片');

INSERT INTO FUI.FUI_ROLES (ID, ROLE_CODE, ROLE_NAME, PERMISSIONS) VALUES (1, 'supervisor', '超级管理员', '1001,100101,10010101,1001010101,10010101011,10010101012,10010101013,10010101014,10010101015,10010101016,10010101017,10010101018,1001010102,10010101021,10010101022,10010101023,10010101024,10010101025,1001010103,10010101031,10010101032,10010101033,10010101034,10010101035,10010101036,1001010104,10010101041,10010101042,10010101043,10010101044,10010101045,10010101046,10010101047,1001010105,10010101051,10010101052,10010101053,10010101054,1001010106,10010101061,10010103,1001010301,10010103011,10010103012,10010103013,10010103014,10010103015,10010103016,10010103017,10010104,1001010401,10010104011,10010104012,10010104013,10010104014,10010104015,10010104016,10010104017,10010105,100101051,100101052,100101053,1002,100201,100202,10020201,10020202,10020203,10020204,10020205,10020206,10020207,10020208,10020209,10020210,10020211,10020212,10020213,10020214,100203,10020301,10020302,10020303,10020304,10020305,10020306,10020307,10020308,10020309,10020310,10020311,10020312,10020313,100204,10020401,10020402,10020403');
INSERT INTO FUI.FUI_ROLES (ID, ROLE_CODE, ROLE_NAME, PERMISSIONS) VALUES (3, 'flower', '流程管理员', '1001010105,10010101051,10010101052,10010101053,10010101054,1001010106,10010101061,1002,100201,100202,10020201,10020202,10020203,10020204,10020205,10020206,10020207,10020208,10020209,10020210,10020211,10020212,10020213,10020214,100203,10020301,10020302,10020303,10020304,10020305,10020306,10020307,10020308,10020309,10020310,10020311,10020312,10020313,100204,10020401,10020402,10020403');

INSERT INTO FUI.FUI_USER (ID, ENAME, CNAME, PASSWORD, STYLE, MENU_TYPE, ERASED, LOGIN_COUNT, LAST_LOGIN_TIME, CREATE_TIME) VALUES (1, 'admin', '管理员', '5F4DCC3B5AA765D61D8327DEB882CF99', 'black', 'pact', 0, 289, TO_TIMESTAMP('2017-09-06 09:35:15.754000', 'YYYY-MM-DD HH24:MI:SS.FF6'), null);
INSERT INTO FUI.FUI_USER (ID, ENAME, CNAME, PASSWORD, STYLE, MENU_TYPE, ERASED, LOGIN_COUNT, LAST_LOGIN_TIME, CREATE_TIME) VALUES (5, 'ls', '李四', '392FFAFA49FDE96C848704EBF013E7E8', 'default', 'default', 0, 2, null, null);
INSERT INTO FUI.FUI_USER (ID, ENAME, CNAME, PASSWORD, STYLE, MENU_TYPE, ERASED, LOGIN_COUNT, LAST_LOGIN_TIME, CREATE_TIME) VALUES (6, 'zhangsan', '张三', '01D7F40760960E7BD9443513F22AB9AF', 'black', 'pact', 0, 25, TO_TIMESTAMP('2017-09-06 09:35:35.874000', 'YYYY-MM-DD HH24:MI:SS.FF6'), null);

INSERT INTO FUI.FUI_USER_ORGANIZATIONS (ID, USER_ID, ORGANIZATION_ID) VALUES (7, 1, 1);
INSERT INTO FUI.FUI_USER_ORGANIZATIONS (ID, USER_ID, ORGANIZATION_ID) VALUES (8, 5, 1001);
INSERT INTO FUI.FUI_USER_ORGANIZATIONS (ID, USER_ID, ORGANIZATION_ID) VALUES (9, 6, 1002);
INSERT INTO FUI.FUI_USER_ORGANIZATIONS (ID, USER_ID, ORGANIZATION_ID) VALUES (10, 7, 1002);

INSERT INTO FUI.FUI_USER_ROLES (ID, USER_ID, ROLE_ID) VALUES (1, 1, 1);
INSERT INTO FUI.FUI_USER_ROLES (ID, USER_ID, ROLE_ID) VALUES (4, 5, 3);
INSERT INTO FUI.FUI_USER_ROLES (ID, USER_ID, ROLE_ID) VALUES (5, 6, 3);


